feature_set,features,baseline,filter,group_id,function_id,value_str,full_id,directory_name,throughput_kind,throughput_value,mean_ns,mean_lower_ns,mean_upper_ns,median_ns,median_lower_ns,median_upper_ns,slope_ns,slope_lower_ns,slope_upper_ns,std_dev_ns,single_graph_triples,graph_counts,graph_triples_per_graph,enumerate_all_graph_counts,enumerate_all_triples_per_graph,roundtrip_graph_counts,roundtrip_triples_per_graph
plain,,matrix_01_plain,,enumerate_all,tpg=10,100,enumerate_all/tpg=10/100,enumerate_all/tpg=10/100,Elements,1000,9129.379887315987,9082.371437969163,9186.041093275939,9023.964428555773,9014.62780448718,9035.518054418986,9137.469007542259,9096.213080889973,9182.85472243877,267.44004998808276,"100,1000,10000,100000","5,20,100",50,"5,20,100,500",10,3,"1000,10000"
plain,,matrix_01_plain,,enumerate_all,tpg=10,20,enumerate_all/tpg=10/20,enumerate_all/tpg=10/20,Elements,200,1683.1527131101411,1665.374489222213,1711.1197342759071,1660.2982287121927,1658.0747772023142,1665.7714454576158,1681.2828530823867,1668.9176320153636,1699.7547860010102,122.86271254680113,"100,1000,10000,100000","5,20,100",50,"5,20,100,500",10,3,"1000,10000"
plain,,matrix_01_plain,,enumerate_all,tpg=10,5,enumerate_all/tpg=10/5,enumerate_all/tpg=10/5,Elements,50,255.9601979046459,254.91025017532195,257.1147135323078,255.5692383899656,254.67910269709543,255.91715783466418,255.8321052365734,255.13006052202388,256.6299132446376,5.679364203712847,"100,1000,10000,100000","5,20,100",50,"5,20,100,500",10,3,"1000,10000"
plain,,matrix_01_plain,,enumerate_all,tpg=10,500,enumerate_all/tpg=10/500,enumerate_all/tpg=10/500,Elements,5000,44395.78244936529,43827.92326396057,45352.142584363675,43731.459962028144,43707.036561264824,43766.376732954544,44235.65418609025,44014.71831821143,44482.965299258605,4268.058577876876,"100,1000,10000,100000","5,20,100",50,"5,20,100,500",10,3,"1000,10000"
plain,,matrix_01_plain,,first_triple,,100,first_triple/100,first_triple/100,Elements,1,876.6577582347967,872.8993864862764,881.8229126551812,869.670319946734,868.9805822856706,873.3135672503568,880.2698121753729,874.1497105806762,889.785064392383,23.240736805590664,"100,1000,10000,100000","5,20,100",50,"5,20,100,500",10,3,"1000,10000"
plain,,matrix_01_plain,,first_triple,,1000,first_triple/1000,first_triple/1000,Elements,1,7930.567346269119,7869.043284509219,8011.399310196603,7815.84704980252,7808.706949539011,7825.566191241463,7967.342326557824,7886.974469719692,8077.753838269302,365.8498730733557,"100,1000,10000,100000","5,20,100",50,"5,20,100,500",10,3,"1000,10000"
plain,,matrix_01_plain,,first_triple,,10000,first_triple/10000,first_triple/10000,Elements,1,88544.84439222842,87771.33741763592,89623.24252828825,87247.3639699381,87051.95238095238,88058.375,88405.56669449781,87713.15513940968,89452.30065556355,4846.509666709469,"100,1000,10000,100000","5,20,100",50,"5,20,100,500",10,3,"1000,10000"
plain,,matrix_01_plain,,first_triple,,100000,first_triple/100000,first_triple/100000,Elements,1,867743.3981166274,863668.3089327897,872893.1749763782,860328.8664613662,857746.9907947433,868859.7289156626,868544.6668006502,865561.6764464686,872305.710172199,23940.92276304549,"100,1000,10000,100000","5,20,100",50,"5,20,100,500",10,3,"1000,10000"
plain,,matrix_01_plain,,graph_lookup,enumerate_by_graphname/tpg=50,100,graph_lookup/enumerate_by_graphname/tpg=50/100,graph_lookup/enumerate_by_graphname_tpg=50/100,Elements,5000,50202.567251985856,49799.440444493164,50778.78108451339,49468.449948979585,49430.24301075269,49513.37777777778,50235.540944288456,49844.654075235165,50797.49019743729,2556.68639973007,"100,1000,10000,100000","5,20,100",50,"5,20,100,500",10,3,"1000,10000"
plain,,matrix_01_plain,,graph_lookup,enumerate_by_graphname/tpg=50,20,graph_lookup/enumerate_by_graphname/tpg=50/20,graph_lookup/enumerate_by_graphname_tpg=50/20,Elements,1000,3973.977786944137,3948.718405888018,4003.711058281381,3931.0944185059425,3921.718613614801,3966.308972632121,3976.2078893062635,3950.6766610727827,4017.8151897847356,141.32483809424517,"100,1000,10000,100000","5,20,100",50,"5,20,100,500",10,3,"1000,10000"
plain,,matrix_01_plain,,graph_lookup,enumerate_by_graphname/tpg=50,5,graph_lookup/enumerate_by_graphname/tpg=50/5,graph_lookup/enumerate_by_graphname_tpg=50/5,Elements,250,632.8869456003601,629.7554402165453,636.7720450773314,626.4309795383673,624.9722431688074,628.9710090734548,634.5800966360126,630.8854166582015,639.9359776578826,18.123230154880417,"100,1000,10000,100000","5,20,100",50,"5,20,100,500",10,3,"1000,10000"
plain,,matrix_01_plain,,graph_lookup,enumerate_by_id/tpg=50,100,graph_lookup/enumerate_by_id/tpg=50/100,graph_lookup/enumerate_by_id_tpg=50/100,Elements,5000,13457.920782624553,13365.059633387327,13573.348832965738,13296.600624496374,13274.242429704398,13308.90706419554,13452.020365958084,13384.356732833401,13542.099887272203,537.8988284002525,"100,1000,10000,100000","5,20,100",50,"5,20,100,500",10,3,"1000,10000"
plain,,matrix_01_plain,,graph_lookup,enumerate_by_id/tpg=50,20,graph_lookup/enumerate_by_id/tpg=50/20,graph_lookup/enumerate_by_id_tpg=50/20,Elements,1000,2499.1786207831374,2482.120737846023,2519.86543492893,2485.7532044024256,2459.541176470588,2493.9537674601615,2497.4349721247654,2483.6881190339323,2520.031016246059,97.00550861427497,"100,1000,10000,100000","5,20,100",50,"5,20,100,500",10,3,"1000,10000"
plain,,matrix_01_plain,,graph_lookup,enumerate_by_id/tpg=50,5,graph_lookup/enumerate_by_id/tpg=50/5,graph_lookup/enumerate_by_id_tpg=50/5,Elements,250,583.6862593989707,580.620399569175,587.3299273545163,580.2896233031122,577.4659670073704,581.7173529547933,583.173961664188,580.6110561448919,587.2723421142656,17.28287486405987,"100,1000,10000,100000","5,20,100",50,"5,20,100,500",10,3,"1000,10000"
plain,,matrix_01_plain,,open,,100,open/100,open/100,Elements,100,98513.94897360457,98191.53490404767,99008.73788019278,98045.76727629334,98018.35454545454,98101.93041355808,98514.38038179938,98222.59488320976,98898.17137915357,2158.726948929864,"100,1000,10000,100000","5,20,100",50,"5,20,100,500",10,3,"1000,10000"
plain,,matrix_01_plain,,open,,1000,open/1000,open/1000,Elements,1000,901486.3631229303,899831.6026100073,903756.4731916498,898675.0183748468,898451.0833333334,899154.2936507936,901804.8179739914,899938.1040297789,904169.4791864074,10207.938111925394,"100,1000,10000,100000","5,20,100",50,"5,20,100,500",10,3,"1000,10000"
plain,,matrix_01_plain,,open,,10000,open/10000,open/10000,Elements,10000,9338257.788333328,9303562.69483333,9377774.394499999,9262692.0,9254593.333333332,9271436.0,,,,190829.08767761345,"100,1000,10000,100000","5,20,100",50,"5,20,100,500",10,3,"1000,10000"
plain,,matrix_01_plain,,open,,100000,open/100000,open/100000,Elements,100000,99247304.32,99041377.32975,99497600.85125,98905509.5,98829695.5,98947760.0,,,,1176163.082373959,"100,1000,10000,100000","5,20,100",50,"5,20,100,500",10,3,"1000,10000"
plain,,matrix_01_plain,,open,structural,100,open/structural/100,open/structural/100,Elements,100,1339.0713339029587,1319.5532350505723,1369.0264956270926,1309.6399250106851,1308.5875781948168,1310.9154761467553,1330.3263337375713,1319.852054779057,1345.3786666695519,130.80354841298774,"100,1000,10000,100000","5,20,100",50,"5,20,100,500",10,3,"1000,10000"
plain,,matrix_01_plain,,open,structural,1000,open/structural/1000,open/structural/1000,Elements,1000,2308.5920656927747,2297.451259539188,2325.0176472892517,2294.5310028011204,2293.578431372549,2295.5122423706325,2312.947917947826,2298.062912727717,2338.8160021361573,72.35461945600619,"100,1000,10000,100000","5,20,100",50,"5,20,100,500",10,3,"1000,10000"
plain,,matrix_01_plain,,open,structural,10000,open/structural/10000,open/structural/10000,Elements,10000,13782.647210539792,13711.246255737453,13890.740583445307,13696.58890993266,13691.339110883424,13700.03821667378,13807.768983096072,13719.779994706689,13945.734003400989,475.4091192225982,"100,1000,10000,100000","5,20,100",50,"5,20,100,500",10,3,"1000,10000"
plain,,matrix_01_plain,,open,structural,100000,open/structural/100000,open/structural/100000,Elements,100000,347675.3747805248,343222.96914047364,353117.3351210426,339181.1611499612,338907.23367697594,339776.9696969697,343956.453843653,341652.08357047103,347240.6220452058,25531.39820003393,"100,1000,10000,100000","5,20,100",50,"5,20,100,500",10,3,"1000,10000"
plain,,matrix_01_plain,,open,trusted,100,open/trusted/100,open/trusted/100,Elements,100,1302.070844749978,1285.4576176321484,1329.1727576390037,1274.6670818239932,1272.6138917004048,1279.2327583440308,1295.6737207889682,1287.557389371808,1305.177070259427,118.79204319350285,"100,1000,10000,100000","5,20,100",50,"5,20,100,500",10,3,"1000,10000"
plain,,matrix_01_plain,,open,trusted,1000,open/trusted/1000,open/trusted/1000,Elements,1000,2387.0954338868605,2342.2791766581663,2461.5789407334128,2333.415395021645,2332.081798319328,2334.369468864469,2356.6102798525053,2339.8786806606513,2383.622594152546,330.8188901664812,"100,1000,10000,100000","5,20,100",50,"5,20,100,500",10,3,"1000,10000"
plain,,matrix_01_plain,,open,trusted,10000,open/trusted/10000,open/trusted/10000,Elements,10000,14555.238620155835,14410.218460210768,14744.45181012249,14340.995027089783,14337.217859308672,14349.781596334185,14523.31752357896,14410.160868227085,14691.984488193355,866.5267185408599,"100,1000,10000,100000","5,20,100",50,"5,20,100,500",10,3,"1000,10000"
plain,,matrix_01_plain,,open,trusted,100000,open/trusted/100000,open/trusted/100000,Elements,100000,323545.60603530926,322384.90721915965,325065.01251382596,322011.94488261186,321354.8449074074,322321.1017857143,325168.7448204522,323307.7590415738,328169.5876471674,6934.757741445122,"100,1000,10000,100000","5,20,100",50,"5,20,100,500",10,3,"1000,10000"
plain,,matrix_01_plain,,read_triples,,100,read_triples/100,read_triples/100,Elements,100,1404.2264516908372,1389.2751122936822,1426.4506156464586,1385.9376573811774,1378.941094962434,1391.7386685552408,1399.2713342286409,1391.6265073489128,1409.4004460064077,97.77978227931946,"100,1000,10000,100000","5,20,100",50,"5,20,100,500",10,3,"1000,10000"
plain,,matrix_01_plain,,read_triples,,1000,read_triples/1000,read_triples/1000,Elements,1000,13277.865336707164,13228.421356374205,13334.248283327353,13211.568888888889,13178.44859770115,13271.951684587813,13272.474168917788,13240.39338142945,13307.000625403642,273.520371127484,"100,1000,10000,100000","5,20,100",50,"5,20,100,500",10,3,"1000,10000"
plain,,matrix_01_plain,,read_triples,,10000,read_triples/10000,read_triples/10000,Elements,10000,137389.90221070749,136824.47657091945,138117.21743254064,137053.08536184212,136125.89236111112,137449.5540380246,137799.02537350377,137079.16416105916,138966.95996669395,3341.7444698375934,"100,1000,10000,100000","5,20,100",50,"5,20,100,500",10,3,"1000,10000"
plain,,matrix_01_plain,,read_triples,,100000,read_triples/100000,read_triples/100000,Elements,100000,1343373.1768729326,1336824.1428326552,1351343.5159055786,1330680.2666666666,1327312.5964285713,1343209.9887640448,1349301.1234520467,1339759.0932652692,1362257.7316060816,37433.27688110022,"100,1000,10000,100000","5,20,100",50,"5,20,100,500",10,3,"1000,10000"
plain,,matrix_01_plain,,resolve_gid,tpg=50,100,resolve_gid/tpg=50/100,resolve_gid/tpg=50/100,Elements,5000,61146.2377460835,60719.43973430698,61691.234644936296,60589.96015647639,60456.19294117647,60825.96758900929,61101.42886290736,60771.47879010979,61498.59583476798,2509.826094251726,"100,1000,10000,100000","5,20,100",50,"5,20,100,500",10,3,"1000,10000"
plain,,matrix_01_plain,,resolve_gid,tpg=50,20,resolve_gid/tpg=50/20,resolve_gid/tpg=50/20,Elements,1000,4633.157939437793,4606.4375704695385,4663.32053921473,4596.297663551402,4566.824488206497,4638.47643666733,4642.360001270597,4618.306132534095,4672.550235651006,146.94181933772063,"100,1000,10000,100000","5,20,100",50,"5,20,100,500",10,3,"1000,10000"
plain,,matrix_01_plain,,resolve_gid,tpg=50,5,resolve_gid/tpg=50/5,resolve_gid/tpg=50/5,Elements,250,791.0969678948323,787.4422929940849,795.1184311444123,787.0081784764154,784.5637013053757,789.1938057865141,790.0220212231044,787.4644308470959,793.0100896893259,19.651181784660086,"100,1000,10000,100000","5,20,100",50,"5,20,100,500",10,3,"1000,10000"
plain,,matrix_01_plain,,roundtrip,graphs=3,1000,roundtrip/graphs=3/1000,roundtrip/graphs=3/1000,Elements,3000,4705828.924545454,4687558.611818181,4726727.3535,4691383.409090909,4679461.181818182,4704191.5,,,,101013.60955989087,"100,1000,10000,100000","5,20,100",50,"5,20,100,500",10,3,"1000,10000"
plain,,matrix_01_plain,,roundtrip,graphs=3,10000,roundtrip/graphs=3/10000,roundtrip/graphs=3/10000,Elements,30000,50377631.28,50161362.134625,50652874.094124995,50154123.0,50025106.0,50226498.5,,,,1284175.3756739849,"100,1000,10000,100000","5,20,100",50,"5,20,100,500",10,3,"1000,10000"
plain,,matrix_01_plain,,write,,100,write/100,write/100,Elements,100,213335.1612157283,211636.1508010018,215207.90402326226,214342.0890688259,212916.98823529412,214677.9,213444.54281956554,212028.94359182072,214903.62928208627,9210.76887687731,"100,1000,10000,100000","5,20,100",50,"5,20,100,500",10,3,"1000,10000"
plain,,matrix_01_plain,,write,,1000,write/1000,write/1000,Elements,1000,1416027.4578440348,1399188.3444924664,1433214.3395727857,1369811.6642857143,1358667.6585365853,1442534.4146341463,1440161.1044687454,1413179.3651094642,1466370.823296941,87624.24860147791,"100,1000,10000,100000","5,20,100",50,"5,20,100,500",10,3,"1000,10000"
plain,,matrix_01_plain,,write,,10000,write/10000,write/10000,Elements,10000,13479922.765,13420742.403437499,13545255.765625,13401887.25,13337477.25,13445660.25,,,,318415.7394652497,"100,1000,10000,100000","5,20,100",50,"5,20,100,500",10,3,"1000,10000"
plain,,matrix_01_plain,,write,,100000,write/100000,write/100000,Elements,100000,169469142.28,169158055.63,169790729.90649998,169389329.5,168774604.0,169780721.5,,,,1621934.4627315013,"100,1000,10000,100000","5,20,100",50,"5,20,100,500",10,3,"1000,10000"
plain,,matrix_01_plain,,write_streaming,,100,write_streaming/100,write_streaming/100,Elements,100,230060.53966064606,228466.25481114487,231782.59153559108,228630.04828431373,226486.7507235767,231607.13333333333,231975.5713302793,229843.29480394546,234347.9241187097,8481.967872610434,"100,1000,10000,100000","5,20,100",50,"5,20,100,500",10,3,"1000,10000"
plain,,matrix_01_plain,,write_streaming,,1000,write_streaming/1000,write_streaming/1000,Elements,1000,1625092.7521890746,1590590.2911710418,1661658.76789147,1517302.71171573,1512637.520689655,1537908.533640023,1576850.6491975766,1548923.4978275136,1608855.7862197533,182291.97002688894,"100,1000,10000,100000","5,20,100",50,"5,20,100,500",10,3,"1000,10000"
plain,,matrix_01_plain,,write_streaming,,10000,write_streaming/10000,write_streaming/10000,Elements,10000,15079879.8275,15017430.339875,15153675.0573125,14991493.75,14965801.75,15022892.25,,,,351106.74069672736,"100,1000,10000,100000","5,20,100",50,"5,20,100,500",10,3,"1000,10000"
plain,,matrix_01_plain,,write_streaming,,100000,write_streaming/100000,write_streaming/100000,Elements,100000,198256483.49,197324273.88925,199165570.25375,197790535.0,197433432.5,198404109.5,,,,4713207.741390535,"100,1000,10000,100000","5,20,100",50,"5,20,100,500",10,3,"1000,10000"
mmap,mmap,matrix_02_mmap,,enumerate_all,tpg=10,100,enumerate_all/tpg=10/100,enumerate_all/tpg=10/100,Elements,1000,8714.858624844152,8628.14541388438,8826.283336527666,8566.857891582587,8560.8959447632,8572.732678191673,8707.148950254423,8624.220594718847,8822.010008890895,510.92552116979624,"100,1000,10000,100000","5,20,100",50,"5,20,100,500",10,3,"1000,10000"
mmap,mmap,matrix_02_mmap,,enumerate_all,tpg=10,20,enumerate_all/tpg=10/20,enumerate_all/tpg=10/20,Elements,200,1635.105082189786,1619.9401258380033,1656.2069008752412,1610.9195700757577,1608.42287414966,1631.1659833333333,1638.1499679473918,1624.0126104259182,1659.1695725075779,95.08315067273608,"100,1000,10000,100000","5,20,100",50,"5,20,100,500",10,3,"1000,10000"
mmap,mmap,matrix_02_mmap,,enumerate_all,tpg=10,5,enumerate_all/tpg=10/5,enumerate_all/tpg=10/5,Elements,50,257.37126680167023,255.75204429060082,259.28876686027587,256.2012923829706,254.92142462493095,257.63818054213044,257.427591368092,256.1457763955436,259.55114922137466,9.119962332685816,"100,1000,10000,100000","5,20,100",50,"5,20,100,500",10,3,"1000,10000"
mmap,mmap,matrix_02_mmap,,enumerate_all,tpg=10,500,enumerate_all/tpg=10/500,enumerate_all/tpg=10/500,Elements,5000,44133.800383267866,43713.48950586857,44729.64189325312,43454.81387730792,43424.55818414322,43479.11425831202,44092.15855218098,43725.52950155956,44619.81139051217,2661.4211747407994,"100,1000,10000,100000","5,20,100",50,"5,20,100,500",10,3,"1000,10000"
mmap,mmap,matrix_02_mmap,,first_triple,,100,first_triple/100,first_triple/100,Elements,1,857.2605935053277,853.4733056112636,861.5026866858896,847.4719309562905,846.7527562749237,849.0608866995074,857.5098555580872,854.1442617896067,861.1773650498126,20.624775915983477,"100,1000,10000,100000","5,20,100",50,"5,20,100,500",10,3,"1000,10000"
mmap,mmap,matrix_02_mmap,,first_triple,,1000,first_triple/1000,first_triple/1000,Elements,1,7976.6959602584675,7912.585580165766,8055.587815515632,7846.350607132166,7838.645165394402,7861.725807110609,7986.498332500449,7913.999166024359,8087.08114500792,369.2191036663485,"100,1000,10000,100000","5,20,100",50,"5,20,100,500",10,3,"1000,10000"
mmap,mmap,matrix_02_mmap,,first_triple,,10000,first_triple/10000,first_triple/10000,Elements,1,83814.8575725546,83346.421879763,84356.95456365732,82740.45501373627,82656.4010989011,82820.08791208791,83869.3258873947,83296.27558433532,84741.1186865384,2601.961120505676,"100,1000,10000,100000","5,20,100",50,"5,20,100,500",10,3,"1000,10000"
mmap,mmap,matrix_02_mmap,,first_triple,,100000,first_triple/100000,first_triple/100000,Elements,1,873947.205712429,869483.0979385665,879316.5308707454,864248.1024717514,863395.3174603175,874174.1804123712,875212.9288473474,870958.2850372641,881035.8562260184,25416.799068642358,"100,1000,10000,100000","5,20,100",50,"5,20,100,500",10,3,"1000,10000"
mmap,mmap,matrix_02_mmap,,graph_lookup,enumerate_by_graphname/tpg=50,100,graph_lookup/enumerate_by_graphname/tpg=50/100,graph_lookup/enumerate_by_graphname_tpg=50/100,Elements,5000,54327.82655519164,53868.16057191454,54934.903007284294,53491.96710526316,53437.5899122807,53564.06578947369,54450.27752218584,54003.88385089599,55065.911534579885,2767.3357017463295,"100,1000,10000,100000","5,20,100",50,"5,20,100,500",10,3,"1000,10000"
mmap,mmap,matrix_02_mmap,,graph_lookup,enumerate_by_graphname/tpg=50,20,graph_lookup/enumerate_by_graphname/tpg=50/20,graph_lookup/enumerate_by_graphname_tpg=50/20,Elements,1000,3953.6539764579798,3918.1813807183444,4001.526749404621,3918.3050000000003,3885.943617647059,3941.1345789473685,3952.977221776267,3924.977695833965,3992.3591486089,217.28526938393154,"100,1000,10000,100000","5,20,100",50,"5,20,100,500",10,3,"1000,10000"
mmap,mmap,matrix_02_mmap,,graph_lookup,enumerate_by_graphname/tpg=50,5,graph_lookup/enumerate_by_graphname/tpg=50/5,graph_lookup/enumerate_by_graphname_tpg=50/5,Elements,250,659.4401015466185,655.6701957385668,663.8195485073154,656.8267022302098,650.9659999292586,660.1776238896681,660.1940736671163,656.6165380735582,665.3593196754098,20.972235350897392,"100,1000,10000,100000","5,20,100",50,"5,20,100,500",10,3,"1000,10000"
mmap,mmap,matrix_02_mmap,,graph_lookup,enumerate_by_id/tpg=50,100,graph_lookup/enumerate_by_id/tpg=50/100,graph_lookup/enumerate_by_id_tpg=50/100,Elements,5000,13111.153451198521,13040.776363342391,13193.94633346161,12956.897631578948,12943.164884823847,12981.504516129033,13114.117569696074,13062.988784604398,13169.122990573298,393.3852850187157,"100,1000,10000,100000","5,20,100",50,"5,20,100,500",10,3,"1000,10000"
mmap,mmap,matrix_02_mmap,,graph_lookup,enumerate_by_id/tpg=50,20,graph_lookup/enumerate_by_id/tpg=50/20,graph_lookup/enumerate_by_id_tpg=50/20,Elements,1000,2310.1990305307545,2301.842414502563,2319.470275811389,2289.290200280657,2288.482373386296,2293.480011792453,2314.7805904974475,2306.5089522935623,2323.5149814158317,45.08115244241341,"100,1000,10000,100000","5,20,100",50,"5,20,100,500",10,3,"1000,10000"
mmap,mmap,matrix_02_mmap,,graph_lookup,enumerate_by_id/tpg=50,5,graph_lookup/enumerate_by_id/tpg=50/5,graph_lookup/enumerate_by_id_tpg=50/5,Elements,250,557.0809904677643,551.8900657093259,563.2709370703819,550.5255119063943,549.5759524717304,553.0588541029717,553.6306310000555,550.7459476203962,558.52247998153,29.34141076759285,"100,1000,10000,100000","5,20,100",50,"5,20,100,500",10,3,"1000,10000"
mmap,mmap,matrix_02_mmap,,open,,100,open/100,open/100,Elements,100,98691.64163274519,98477.56208576688,99042.36471299412,98475.27545155994,98463.12051282052,98491.24597474746,98736.10053288015,98468.68913370845,99177.38908706351,1546.7612468496325,"100,1000,10000,100000","5,20,100",50,"5,20,100,500",10,3,"1000,10000"
mmap,mmap,matrix_02_mmap,,open,,1000,open/1000,open/1000,Elements,1000,899553.5246623735,896607.1038966193,903074.6603135769,893574.1618773947,892838.5848214286,894549.3125,899879.0529244865,895131.516966089,907049.2754238053,16630.565518122363,"100,1000,10000,100000","5,20,100",50,"5,20,100,500",10,3,"1000,10000"
mmap,mmap,matrix_02_mmap,,open,,10000,open/10000,open/10000,Elements,10000,9216695.345000003,9201826.485958332,9243216.077500004,9202554.333333332,9199185.5,9207547.5,,,,122542.82462889298,"100,1000,10000,100000","5,20,100",50,"5,20,100,500",10,3,"1000,10000"
mmap,mmap,matrix_02_mmap,,open,,100000,open/100000,open/100000,Elements,100000,98559151.45,98414397.41325,98763972.287,98430193.5,98368998.0,98463934.5,,,,922249.645881358,"100,1000,10000,100000","5,20,100",50,"5,20,100,500",10,3,"1000,10000"
mmap,mmap,matrix_02_mmap,,open,mmap_structural,100,open/mmap_structural/100,open/mmap_structural/100,Elements,100,2819.93290260674,2805.394848828393,2837.8845870534833,2789.4885129490394,2784.5027959684157,2798.375939849624,2825.449446056153,2804.3896212014015,2857.094810208664,83.9448110702103,"100,1000,10000,100000","5,20,100",50,"5,20,100,500",10,3,"1000,10000"
mmap,mmap,matrix_02_mmap,,open,mmap_structural,1000,open/mmap_structural/1000,open/mmap_structural/1000,Elements,1000,4259.803955797781,4234.650842503052,4292.16571101304,4212.1454230617865,4208.194337194337,4217.424518743667,4266.86866079785,4237.01164054728,4309.446110442854,147.93633881536437,"100,1000,10000,100000","5,20,100",50,"5,20,100,500",10,3,"1000,10000"
mmap,mmap,matrix_02_mmap,,open,mmap_structural,10000,open/mmap_structural/10000,open/mmap_structural/10000,Elements,10000,3710.908404802962,3680.9706389527596,3752.6182824768152,3662.4184485604255,3658.178698807458,3667.988134398496,3713.7197778471595,3679.0194003912866,3762.3976301617226,187.3246876319487,"100,1000,10000,100000","5,20,100",50,"5,20,100,500",10,3,"1000,10000"
mmap,mmap,matrix_02_mmap,,open,mmap_structural,100000,open/mmap_structural/100000,open/mmap_structural/100000,Elements,100000,3787.9440501209237,3761.4337867725785,3819.2652044741717,3730.367098986285,3727.7729055757914,3741.426486473354,3786.743595011358,3764.3914885539634,3815.739835312114,148.69428610446116,"100,1000,10000,100000","5,20,100",50,"5,20,100,500",10,3,"1000,10000"
mmap,mmap,matrix_02_mmap,,open,structural,100,open/structural/100,open/structural/100,Elements,100,1357.162855493309,1343.695552033013,1374.2310012496284,1331.1487289550614,1330.3137332489184,1333.8461778276594,1356.3109560456692,1343.7615482666126,1374.5959282825277,79.04728140431574,"100,1000,10000,100000","5,20,100",50,"5,20,100,500",10,3,"1000,10000"
mmap,mmap,matrix_02_mmap,,open,structural,1000,open/structural/1000,open/structural/1000,Elements,1000,2528.397779821532,2508.056359338834,2554.6877464996173,2491.4480912441704,2490.2346298203074,2492.7456013311557,2538.258075329463,2512.37545607681,2573.25142430009,120.63225918179337,"100,1000,10000,100000","5,20,100",50,"5,20,100,500",10,3,"1000,10000"
mmap,mmap,matrix_02_mmap,,open,structural,10000,open/structural/10000,open/structural/10000,Elements,10000,13241.953621396013,13149.607346247456,13378.450450164406,13105.723907163741,13098.317201672911,13112.878253325622,13266.254356435644,13162.90597134455,13406.096345793309,599.5749093683887,"100,1000,10000,100000","5,20,100",50,"5,20,100,500",10,3,"1000,10000"
mmap,mmap,matrix_02_mmap,,open,structural,100000,open/structural/100000,open/structural/100000,Elements,100000,329392.69218559837,327621.56750847516,331941.16160583124,327099.79497354495,326861.51612903224,327205.3333333333,330527.21470173885,328365.011701346,333876.734869518,11330.264271366459,"100,1000,10000,100000","5,20,100",50,"5,20,100,500",10,3,"1000,10000"
mmap,mmap,matrix_02_mmap,,open,trusted,100,open/trusted/100,open/trusted/100,Elements,100,1263.9534903309382,1251.8583023217811,1281.769515416395,1247.2178427415906,1246.50332285586,1247.7622423015007,1263.2968919140974,1252.0404051157166,1279.5007992848493,78.28149272092718,"100,1000,10000,100000","5,20,100",50,"5,20,100,500",10,3,"1000,10000"
mmap,mmap,matrix_02_mmap,,open,trusted,1000,open/trusted/1000,open/trusted/1000,Elements,1000,2489.9383770438994,2472.3551431231704,2512.322112698315,2456.115683348638,2455.2003934327604,2456.9699374699376,2490.2332596319334,2476.195435910574,2508.3031319892257,103.48489584962958,"100,1000,10000,100000","5,20,100",50,"5,20,100,500",10,3,"1000,10000"
mmap,mmap,matrix_02_mmap,,open,trusted,10000,open/trusted/10000,open/trusted/10000,Elements,10000,12840.307505517074,12769.683885317449,12929.872972046964,12720.608849789916,12712.932733932734,12727.254638218925,12877.971368770139,12787.397431076197,13008.674449718297,414.5534511465151,"100,1000,10000,100000","5,20,100",50,"5,20,100,500",10,3,"1000,10000"
mmap,mmap,matrix_02_mmap,,open,trusted,100000,open/trusted/100000,open/trusted/100000,Elements,100000,334759.52627467574,331582.17333427625,339158.15922885865,329700.2521098627,329441.34375,330008.5916666667,333411.64419880795,331199.2550481549,336299.3642232242,19689.63456033548,"100,1000,10000,100000","5,20,100",50,"5,20,100,500",10,3,"1000,10000"
mmap,mmap,matrix_02_mmap,,read_triples,,100,read_triples/100,read_triples/100,Elements,100,1311.7256560715698,1303.9104241414552,1321.9636590203468,1296.8020044444443,1295.850490585438,1299.2855632183907,1314.1456818403035,1306.825882720488,1324.9958812561704,47.05754033174241,"100,1000,10000,100000","5,20,100",50,"5,20,100,500",10,3,"1000,10000"
mmap,mmap,matrix_02_mmap,,read_triples,,1000,read_triples/1000,read_triples/1000,Elements,1000,13291.623646823955,13149.423343252896,13525.888930977615,13097.757882882883,13072.114864864865,13193.169250022447,13247.142672668235,13174.525141412927,13345.880318594622,1037.8310918254674,"100,1000,10000,100000","5,20,100",50,"5,20,100,500",10,3,"1000,10000"
mmap,mmap,matrix_02_mmap,,read_triples,,10000,read_triples/10000,read_triples/10000,Elements,10000,136085.21219980504,135151.3164015125,137347.02200555935,134364.75086805556,134069.28886363638,135866.9621245325,136452.95631927,135439.82637897844,137907.02297174852,5711.968918741182,"100,1000,10000,100000","5,20,100",50,"5,20,100,500",10,3,"1000,10000"
mmap,mmap,matrix_02_mmap,,read_triples,,100000,read_triples/100000,read_triples/100000,Elements,100000,1365385.6136339507,1354958.72839872,1378258.0140945616,1352942.3776470588,1349216.1204819276,1357528.7954545454,1359499.9441436382,1352910.1259808466,1368691.0541613442,60236.12793152335,"100,1000,10000,100000","5,20,100",50,"5,20,100,500",10,3,"1000,10000"
mmap,mmap,matrix_02_mmap,,resolve_gid,tpg=50,100,resolve_gid/tpg=50/100,resolve_gid/tpg=50/100,Elements,5000,62125.339994647635,61703.67259465449,62671.912129341785,61364.84479166666,61155.3671875,62055.256992697105,62598.641365819414,62053.84480433962,63296.14175136069,2502.8090657993134,"100,1000,10000,100000","5,20,100",50,"5,20,100,500",10,3,"1000,10000"
mmap,mmap,matrix_02_mmap,,resolve_gid,tpg=50,20,resolve_gid/tpg=50/20,resolve_gid/tpg=50/20,Elements,1000,4460.845025910453,4416.404712342322,4526.875507067667,4392.901515151515,4387.096971473971,4396.501059704185,4445.464260500011,4426.173224703536,4467.113362888036,294.20135031909103,"100,1000,10000,100000","5,20,100",50,"5,20,100,500",10,3,"1000,10000"
mmap,mmap,matrix_02_mmap,,resolve_gid,tpg=50,5,resolve_gid/tpg=50/5,resolve_gid/tpg=50/5,Elements,250,749.2588723528838,742.9771904965396,757.2032875590717,737.0911208001464,736.5631204143289,738.9005958375294,746.5385796586152,742.1914638336189,752.9573581545441,36.69549935016789,"100,1000,10000,100000","5,20,100",50,"5,20,100,500",10,3,"1000,10000"
mmap,mmap,matrix_02_mmap,,roundtrip,graphs=3,1000,roundtrip/graphs=3/1000,roundtrip/graphs=3/1000,Elements,3000,4660171.847272728,4643768.728386364,4680878.974931817,4653321.454545455,4647547.181818182,4663289.545454546,,,,95939.27704465234,"100,1000,10000,100000","5,20,100",50,"5,20,100,500",10,3,"1000,10000"
mmap,mmap,matrix_02_mmap,,roundtrip,graphs=3,10000,roundtrip/graphs=3/10000,roundtrip/graphs=3/10000,Elements,30000,51121990.87,50887686.58625,51455735.78525,50914659.5,50780305.5,51164074.0,,,,1487435.8760087278,"100,1000,10000,100000","5,20,100",50,"5,20,100,500",10,3,"1000,10000"
mmap,mmap,matrix_02_mmap,,write,,100,write/100,write/100,Elements,100,239144.34779754735,235337.77686775688,243043.8693000959,239809.28317740816,235486.75490196078,242447.84468085106,237219.89960617703,231351.19218796853,242961.8100620736,19811.73637932766,"100,1000,10000,100000","5,20,100",50,"5,20,100,500",10,3,"1000,10000"
mmap,mmap,matrix_02_mmap,,write,,1000,write/1000,write/1000,Elements,1000,1386075.4815280316,1364169.871427409,1410162.6558967573,1339958.9980620155,1334320.3157894737,1346783.1169683258,1388676.5626895227,1368132.334489957,1413759.7010691282,118333.82873085738,"100,1000,10000,100000","5,20,100",50,"5,20,100,500",10,3,"1000,10000"
mmap,mmap,matrix_02_mmap,,write,,10000,write/10000,write/10000,Elements,10000,13551348.6375,13481001.0116875,13655689.4775,13492077.75,13462311.5,13510745.5,,,,461053.6706466988,"100,1000,10000,100000","5,20,100",50,"5,20,100,500",10,3,"1000,10000"
mmap,mmap,matrix_02_mmap,,write,,100000,write/100000,write/100000,Elements,100000,169831583.43,169623307.392,170060386.4625,169537261.0,169454943.0,169861763.0,,,,1121584.7294375582,"100,1000,10000,100000","5,20,100",50,"5,20,100,500",10,3,"1000,10000"
mmap,mmap,matrix_02_mmap,,write_streaming,,100,write_streaming/100,write_streaming/100,Elements,100,229961.29173585994,228268.0619603507,231867.37011076015,229676.08173690934,225346.95703125,230772.94642857142,233914.06962760456,231161.64030215048,237171.64848354043,9201.295749418054,"100,1000,10000,100000","5,20,100",50,"5,20,100,500",10,3,"1000,10000"
mmap,mmap,matrix_02_mmap,,write_streaming,,1000,write_streaming/1000,write_streaming/1000,Elements,1000,1517364.1682292137,1512572.9418162564,1523596.4496604088,1512996.0934531884,1509448.2919684004,1515931.5751858205,1517468.1789448797,1507480.749344465,1533316.295133845,28593.923287650934,"100,1000,10000,100000","5,20,100",50,"5,20,100,500",10,3,"1000,10000"
mmap,mmap,matrix_02_mmap,,write_streaming,,10000,write_streaming/10000,write_streaming/10000,Elements,10000,15119521.96,15018971.400687499,15240980.766625,15159174.875,14762717.0,15229275.5,,,,572565.6343646218,"100,1000,10000,100000","5,20,100",50,"5,20,100,500",10,3,"1000,10000"
mmap,mmap,matrix_02_mmap,,write_streaming,,100000,write_streaming/100000,write_streaming/100000,Elements,100000,201800546.75,200951456.831,202554441.29099998,202905980.0,202471029.0,203344143.0,,,,4114908.7262229607,"100,1000,10000,100000","5,20,100",50,"5,20,100,500",10,3,"1000,10000"
zstd,zstd,matrix_03_zstd,,enumerate_all,tpg=10,100,enumerate_all/tpg=10/100,enumerate_all/tpg=10/100,Elements,1000,8579.076186097856,8536.83908620286,8629.024206046917,8487.280545905707,8480.706248697103,8499.8452991453,8592.564410392819,8541.641485446431,8658.502554628689,237.70616617410406,"100,1000,10000,100000","5,20,100",50,"5,20,100,500",10,3,"1000,10000"
zstd,zstd,matrix_03_zstd,,enumerate_all,tpg=10,20,enumerate_all/tpg=10/20,enumerate_all/tpg=10/20,Elements,200,1599.1995965397116,1590.6296515121242,1609.2844772366009,1580.4560170250897,1579.7969826796188,1582.1020379250217,1599.220251900828,1592.430127904933,1606.7057172621794,47.95553491387824,"100,1000,10000,100000","5,20,100",50,"5,20,100,500",10,3,"1000,10000"
zstd,zstd,matrix_03_zstd,,enumerate_all,tpg=10,5,enumerate_all/tpg=10/5,enumerate_all/tpg=10/5,Elements,50,268.6277690492578,266.1803389112913,271.63763433850306,266.69222489228355,264.2344756756757,267.5761260155409,267.8970729438172,266.4901603882919,270.2436505675419,14.050008532765432,"100,1000,10000,100000","5,20,100",50,"5,20,100,500",10,3,"1000,10000"
zstd,zstd,matrix_03_zstd,,enumerate_all,tpg=10,500,enumerate_all/tpg=10/500,enumerate_all/tpg=10/500,Elements,5000,44190.49924618424,43864.091927392015,44614.45107116227,43588.70077341137,43560.94664031621,43624.66086956522,44109.67170873999,43855.680072431154,44472.38108043477,1940.6104794191149,"100,1000,10000,100000","5,20,100",50,"5,20,100,500",10,3,"1000,10000"
zstd,zstd,matrix_03_zstd,,first_triple,,100,first_triple/100,first_triple/100,Elements,1,862.6412570242402,856.4985712332979,870.0090038676873,855.5929760968116,849.46121053743,857.9998903754292,862.4159048549299,856.0624553460854,871.8531804961108,34.837208083670404,"100,1000,10000,100000","5,20,100",50,"5,20,100,500",10,3,"1000,10000"
zstd,zstd,matrix_03_zstd,,first_triple,,1000,first_triple/1000,first_triple/1000,Elements,1,7471.511608770765,7423.8868599531215,7532.542375791013,7387.0837575078895,7379.048350041771,7400.932132963989,7478.030175764518,7431.609983420252,7550.387053152041,280.3795807624884,"100,1000,10000,100000","5,20,100",50,"5,20,100,500",10,3,"1000,10000"
zstd,zstd,matrix_03_zstd,,first_triple,,10000,first_triple/10000,first_triple/10000,Elements,1,84350.90559370957,83859.36546299247,84908.03493797703,83484.8120967742,83093.70098039215,84180.7509856631,84241.41381188118,83863.72985655584,84741.08832646233,2698.04099236112,"100,1000,10000,100000","5,20,100",50,"5,20,100,500",10,3,"1000,10000"
zstd,zstd,matrix_03_zstd,,first_triple,,100000,first_triple/100000,first_triple/100000,Elements,1,876909.958008895,870239.2143220699,886264.7056281891,869614.2914313222,867716.0,871501.5674358974,875649.0075114527,870903.0342974951,882103.4171672779,41621.565310669735,"100,1000,10000,100000","5,20,100",50,"5,20,100,500",10,3,"1000,10000"
zstd,zstd,matrix_03_zstd,,graph_lookup,enumerate_by_graphname/tpg=50,100,graph_lookup/enumerate_by_graphname/tpg=50/100,graph_lookup/enumerate_by_graphname_tpg=50/100,Elements,5000,50880.32219035151,50554.63955705025,51278.322093052564,50232.01613520408,50191.91388888889,50268.17788461538,50935.31730959066,50628.19684693083,51373.11613542084,1868.3584634916704,"100,1000,10000,100000","5,20,100",50,"5,20,100,500",10,3,"1000,10000"
zstd,zstd,matrix_03_zstd,,graph_lookup,enumerate_by_graphname/tpg=50,20,graph_lookup/enumerate_by_graphname/tpg=50/20,graph_lookup/enumerate_by_graphname_tpg=50/20,Elements,1000,3930.356460747767,3906.5906950373483,3959.189236881464,3906.545795139218,3887.248309780723,3925.3487064116985,3931.001707603714,3908.250523403263,3964.3067038499016,134.6932160446333,"100,1000,10000,100000","5,20,100",50,"5,20,100,500",10,3,"1000,10000"
zstd,zstd,matrix_03_zstd,,graph_lookup,enumerate_by_graphname/tpg=50,5,graph_lookup/enumerate_by_graphname/tpg=50/5,graph_lookup/enumerate_by_graphname_tpg=50/5,Elements,250,662.5621546991654,657.3687229880899,669.9060019215159,654.6285082860177,653.0177933958055,656.5707758570514,662.8583160364229,657.8027459512705,670.1327290838984,32.55391481415993,"100,1000,10000,100000","5,20,100",50,"5,20,100,500",10,3,"1000,10000"
zstd,zstd,matrix_03_zstd,,graph_lookup,enumerate_by_id/tpg=50,100,graph_lookup/enumerate_by_id/tpg=50/100,graph_lookup/enumerate_by_id_tpg=50/100,Elements,5000,14069.090819898585,13942.259504432473,14267.51400576482,13928.980065005417,13874.845950704226,14034.442438037839,14055.773958335501,13998.198997156289,14126.845054460879,869.60047742083,"100,1000,10000,100000","5,20,100",50,"5,20,100,500",10,3,"1000,10000"
zstd,zstd,matrix_03_zstd,,graph_lookup,enumerate_by_id/tpg=50,20,graph_lookup/enumerate_by_id/tpg=50/20,graph_lookup/enumerate_by_id_tpg=50/20,Elements,1000,2468.734435457617,2452.0706602707055,2491.931477081512,2453.9259775043183,2436.0104218362285,2462.264995520489,2469.695774626609,2458.205456363175,2484.9141553067543,104.20852303360138,"100,1000,10000,100000","5,20,100",50,"5,20,100,500",10,3,"1000,10000"
zstd,zstd,matrix_03_zstd,,graph_lookup,enumerate_by_id/tpg=50,5,graph_lookup/enumerate_by_id/tpg=50/5,graph_lookup/enumerate_by_id_tpg=50/5,Elements,250,554.3653873312901,550.5376633254089,559.739131019122,547.8287318245559,547.1017293331587,550.5655221479832,553.0879643662435,550.3183869345904,556.7439802116546,23.990973821282378,"100,1000,10000,100000","5,20,100",50,"5,20,100,500",10,3,"1000,10000"
zstd,zstd,matrix_03_zstd,,open,,100,open/100,open/100,Elements,100,99776.85174720785,99450.0776893691,100159.4675216263,99230.74363636364,99176.7656959707,99286.9,99848.3642048175,99436.75888663939,100346.18844915998,1817.7195788948973,"100,1000,10000,100000","5,20,100",50,"5,20,100,500",10,3,"1000,10000"
zstd,zstd,matrix_03_zstd,,open,,1000,open/1000,open/1000,Elements,1000,906012.1571435625,902601.90740346,911818.7215695599,902331.268197279,902081.0202020202,902806.025862069,904336.5403738732,902506.1075551268,906993.3193503896,24918.70787288103,"100,1000,10000,100000","5,20,100",50,"5,20,100,500",10,3,"1000,10000"
zstd,zstd,matrix_03_zstd,,open,,10000,open/10000,open/10000,Elements,10000,9348346.419999998,9322690.36866666,9382172.051125001,9324052.166666666,9319869.833333334,9328001.333333334,,,,154307.88200223964,"100,1000,10000,100000","5,20,100",50,"5,20,100,500",10,3,"1000,10000"
zstd,zstd,matrix_03_zstd,,open,,100000,open/100000,open/100000,Elements,100000,99956641.53,99737319.253,100230970.73349999,99609449.0,99536371.0,99708840.0,,,,1271246.6233188761,"100,1000,10000,100000","5,20,100",50,"5,20,100,500",10,3,"1000,10000"
zstd,zstd,matrix_03_zstd,,open,structural,100,open/structural/100,open/structural/100,Elements,100,1345.0936214706512,1336.3502454880233,1355.5344208312702,1326.7755940880193,1325.3197788107068,1331.639207303705,1347.9759642623744,1339.760226167771,1359.8688073828448,49.45147203352236,"100,1000,10000,100000","5,20,100",50,"5,20,100,500",10,3,"1000,10000"
zstd,zstd,matrix_03_zstd,,open,structural,1000,open/structural/1000,open/structural/1000,Elements,1000,2385.124417937674,2376.2734211576626,2399.117767406034,2375.5111585277496,2374.996690203001,2376.385194174757,2396.49223091502,2380.637248342403,2424.187966438696,61.10725058765852,"100,1000,10000,100000","5,20,100",50,"5,20,100,500",10,3,"1000,10000"
zstd,zstd,matrix_03_zstd,,open,structural,10000,open/structural/10000,open/structural/10000,Elements,10000,12626.07713874322,12555.251689411809,12721.882329162365,12502.983724045247,12500.588578088578,12510.760683760684,12667.909749387109,12576.637933131764,12802.872223575267,432.78325228642035,"100,1000,10000,100000","5,20,100",50,"5,20,100,500",10,3,"1000,10000"
zstd,zstd,matrix_03_zstd,,open,structural,100000,open/structural/100000,open/structural/100000,Elements,100000,331869.17637109273,329733.9343079881,335089.0915839155,328769.68600713013,328535.10569105693,328947.9876070991,332607.7930082262,330620.10178148287,335368.67409561406,14121.482902075619,"100,1000,10000,100000","5,20,100",50,"5,20,100,500",10,3,"1000,10000"
zstd,zstd,matrix_03_zstd,,open,trusted,100,open/trusted/100,open/trusted/100,Elements,100,1254.133188226241,1248.2468661554306,1263.3986651384266,1246.8151683273318,1246.6019741588357,1247.2780528414319,1257.0022937459594,1249.4387938209768,1268.8868609278675,40.566263856889094,"100,1000,10000,100000","5,20,100",50,"5,20,100,500",10,3,"1000,10000"
zstd,zstd,matrix_03_zstd,,open,trusted,1000,open/trusted/1000,open/trusted/1000,Elements,1000,2486.427690118956,2459.113206875455,2521.7703196948896,2438.032424019608,2437.0900075075074,2440.085789473684,2473.340025535688,2453.3720167535703,2503.2412267564596,162.41397459370876,"100,1000,10000,100000","5,20,100",50,"5,20,100,500",10,3,"1000,10000"
zstd,zstd,matrix_03_zstd,,open,trusted,10000,open/trusted/10000,open/trusted/10000,Elements,10000,12713.342333801837,12584.858663544217,12879.978246143475,12505.380127140303,12496.970434327577,12512.699316239316,12722.744296529538,12586.390590850833,12912.578720773412,768.8651852449725,"100,1000,10000,100000","5,20,100",50,"5,20,100,500",10,3,"1000,10000"
zstd,zstd,matrix_03_zstd,,open,trusted,100000,open/trusted/100000,open/trusted/100000,Elements,100000,316769.8015199711,314942.47495734226,318987.3017060266,313370.35575968225,313128.98076923075,313608.40778882575,318153.10167947394,316340.3643096285,320540.07171178225,10374.515697519011,"100,1000,10000,100000","5,20,100",50,"5,20,100,500",10,3,"1000,10000"
zstd,zstd,matrix_03_zstd,,read_triples,,100,read_triples/100,read_triples/100,Elements,100,1358.958726728836,1352.1130388414817,1367.5514053743061,1348.0064888346642,1345.9120668693008,1357.0812842712842,1360.7340266334522,1354.0450037164733,1371.3367405072827,39.81564715069804,"100,1000,10000,100000","5,20,100",50,"5,20,100,500",10,3,"1000,10000"
zstd,zstd,matrix_03_zstd,,read_triples,,1000,read_triples/1000,read_triples/1000,Elements,1000,12201.196342157014,12104.821419960705,12336.050968690855,12040.954110727529,12026.948075266895,12088.742245767367,12166.288558473456,12103.446944574069,12248.606391581752,603.4648037384706,"100,1000,10000,100000","5,20,100",50,"5,20,100,500",10,3,"1000,10000"
zstd,zstd,matrix_03_zstd,,read_triples,,10000,read_triples/10000,read_triples/10000,Elements,10000,136770.53003007633,136096.0784555701,137562.3914762008,136100.92254916136,135142.52192982455,136708.07941176472,137014.6543479385,136233.1648542977,138245.5201656189,3750.4697694313463,"100,1000,10000,100000","5,20,100",50,"5,20,100,500",10,3,"1000,10000"
zstd,zstd,matrix_03_zstd,,read_triples,,100000,read_triples/100000,read_triples/100000,Elements,100000,1331724.1647769485,1321419.3948239752,1345394.4251346255,1312975.2588235294,1310034.894736842,1326235.5454545454,1329778.3624205703,1322527.1808931408,1339920.8939711002,62181.54064248462,"100,1000,10000,100000","5,20,100",50,"5,20,100,500",10,3,"1000,10000"
zstd,zstd,matrix_03_zstd,,resolve_gid,tpg=50,100,resolve_gid/tpg=50/100,resolve_gid/tpg=50/100,Elements,5000,55779.911886154805,55479.082967619994,56147.83559075838,55253.87068160597,55202.17168005355,55316.964539007095,55991.59548839959,55652.841442162746,56498.72569370831,1728.1140257855461,"100,1000,10000,100000","5,20,100",50,"5,20,100,500",10,3,"1000,10000"
zstd,zstd,matrix_03_zstd,,resolve_gid,tpg=50,20,resolve_gid/tpg=50/20,resolve_gid/tpg=50/20,Elements,1000,4739.743538423969,4701.851489716983,4787.470671196399,4695.698637820513,4658.798489010989,4716.142818617314,4744.064408782439,4707.351576398693,4797.770500799103,221.92416376828942,"100,1000,10000,100000","5,20,100",50,"5,20,100,500",10,3,"1000,10000"
zstd,zstd,matrix_03_zstd,,resolve_gid,tpg=50,5,resolve_gid/tpg=50/5,resolve_gid/tpg=50/5,Elements,250,814.0425113277136,807.870697274366,823.6990208303677,805.3235115307747,804.2583461130117,811.8949458907384,813.8777593697105,810.677029661284,818.0338828727814,42.24168959094728,"100,1000,10000,100000","5,20,100",50,"5,20,100,500",10,3,"1000,10000"
zstd,zstd,matrix_03_zstd,,roundtrip,graphs=3,1000,roundtrip/graphs=3/1000,roundtrip/graphs=3/1000,Elements,3000,4765366.528181819,4751041.826795455,4782915.073681817,4755150.318181818,4740024.454545455,4765721.909090909,,,,81890.36793586364,"100,1000,10000,100000","5,20,100",50,"5,20,100,500",10,3,"1000,10000"
zstd,zstd,matrix_03_zstd,,roundtrip,graphs=3,10000,roundtrip/graphs=3/10000,roundtrip/graphs=3/10000,Elements,30000,50419892.0,50300313.747,50567422.172249995,50384875.5,50289476.0,50505934.0,,,,683536.0809473548,"100,1000,10000,100000","5,20,100",50,"5,20,100,500",10,3,"1000,10000"
zstd,zstd,matrix_03_zstd,,write,,100,write/100,write/100,Elements,100,234376.6742397862,228335.26971484505,240481.16368222338,223476.30421401514,211442.24125000002,243152.59259259258,212247.69858578395,209780.2375244392,215239.59013043542,31634.89575488239,"100,1000,10000,100000","5,20,100",50,"5,20,100,500",10,3,"1000,10000"
zstd,zstd,matrix_03_zstd,,write,,1000,write/1000,write/1000,Elements,1000,1467548.1071671518,1432840.9792029567,1504390.0934970474,1361434.9176587302,1352426.6973684211,1485297.0326086956,1526548.6824974138,1485991.0848881723,1568243.7429033949,183261.95605771933,"100,1000,10000,100000","5,20,100",50,"5,20,100,500",10,3,"1000,10000"
zstd,zstd,matrix_03_zstd,,write,,10000,write/10000,write/10000,Elements,10000,13409544.22,13376100.6409375,13452902.7154375,13380122.125,13366185.875,13406469.75,,,,199274.881786822,"100,1000,10000,100000","5,20,100",50,"5,20,100,500",10,3,"1000,10000"
zstd,zstd,matrix_03_zstd,,write,,100000,write/100000,write/100000,Elements,100000,168446164.48,168217722.25,168694107.96725,168207054.5,168006544.0,168457484.0,,,,1229760.1190870272,"100,1000,10000,100000","5,20,100",50,"5,20,100,500",10,3,"1000,10000"
zstd,zstd,matrix_03_zstd,,write_streaming,,100,write_streaming/100,write_streaming/100,Elements,100,231987.61189751833,229309.24316921402,235611.25421328883,226784.77635854343,225899.808,231739.02142857143,235107.1096562731,232319.3360116641,238109.9518302058,16438.654160194215,"100,1000,10000,100000","5,20,100",50,"5,20,100,500",10,3,"1000,10000"
zstd,zstd,matrix_03_zstd,,write_streaming,,1000,write_streaming/1000,write_streaming/1000,Elements,1000,1548840.238317773,1536479.967118967,1564275.5896007414,1528446.2840746054,1523178.1226309922,1533902.0131578948,1562880.285707108,1549013.0843892433,1578087.3588644925,71844.88023661554,"100,1000,10000,100000","5,20,100",50,"5,20,100,500",10,3,"1000,10000"
zstd,zstd,matrix_03_zstd,,write_streaming,,10000,write_streaming/10000,write_streaming/10000,Elements,10000,15240796.705,15209503.9875,15282229.044875,15215208.625,15192579.75,15236918.25,,,,188392.06209574584,"100,1000,10000,100000","5,20,100",50,"5,20,100,500",10,3,"1000,10000"
zstd,zstd,matrix_03_zstd,,write_streaming,,100000,write_streaming/100000,write_streaming/100000,Elements,100000,185605241.52,185152694.84,186137158.77874997,185385237.5,185103530.5,185863230.5,,,,2514691.692566916,"100,1000,10000,100000","5,20,100",50,"5,20,100,500",10,3,"1000,10000"
zstd,zstd,matrix_03_zstd,,write_zstd,,100,write_zstd/100,write_zstd/100,Elements,100,301765.509533849,294164.499540921,309009.8444842977,319101.23550724634,313970.6364870509,322188.7375,271680.3783855475,263147.53770594567,282038.30367058975,37948.94635135193,"100,1000,10000,100000","5,20,100",50,"5,20,100,500",10,3,"1000,10000"
zstd,zstd,matrix_03_zstd,,write_zstd,,1000,write_zstd/1000,write_zstd/1000,Elements,1000,1363818.9915491017,1345482.059229567,1384214.5829151392,1333243.2992675272,1328676.8962686567,1336632.9095676825,1348432.3259701494,1337352.3944613235,1362249.173085556,99121.05636815786,"100,1000,10000,100000","5,20,100",50,"5,20,100,500",10,3,"1000,10000"
zstd,zstd,matrix_03_zstd,,write_zstd,,10000,write_zstd/10000,write_zstd/10000,Elements,10000,13156000.4,13094472.368562499,13263923.24525,13090899.75,13082291.125,13112818.75,,,,493509.69034004834,"100,1000,10000,100000","5,20,100",50,"5,20,100,500",10,3,"1000,10000"
zstd,zstd,matrix_03_zstd,,write_zstd,,100000,write_zstd/100000,write_zstd/100000,Elements,100000,151970265.77,151690075.10625,152263747.88,151513558.0,151258155.5,151839092.5,,,,1477969.5660923293,"100,1000,10000,100000","5,20,100",50,"5,20,100,500",10,3,"1000,10000"
mmap_zstd,"mmap,zstd",matrix_04_mmap_zstd,,enumerate_all,tpg=10,100,enumerate_all/tpg=10/100,enumerate_all/tpg=10/100,Elements,1000,8713.47638004266,8658.339854503014,8785.308007933407,8611.235537678513,8604.904669887279,8615.97977641908,8716.548300974679,8663.361648615148,8792.403890369327,328.555910399433,"100,1000,10000,100000","5,20,100",50,"5,20,100,500",10,3,"1000,10000"
mmap_zstd,"mmap,zstd",matrix_04_mmap_zstd,,enumerate_all,tpg=10,20,enumerate_all/tpg=10/20,enumerate_all/tpg=10/20,Elements,200,1697.9697654130014,1685.6737657323724,1713.995803434927,1676.678035099682,1675.2945534183964,1681.1247509211496,1701.1133400976323,1687.6206977172349,1720.136339509254,72.84964452435194,"100,1000,10000,100000","5,20,100",50,"5,20,100,500",10,3,"1000,10000"
mmap_zstd,"mmap,zstd",matrix_04_mmap_zstd,,enumerate_all,tpg=10,5,enumerate_all/tpg=10/5,enumerate_all/tpg=10/5,Elements,50,266.6297524322834,264.72287820771754,268.8022512765383,264.13955196842085,263.69116659025883,265.89899220639614,266.0580963380987,264.27382761435314,268.4169366860449,10.476206019335399,"100,1000,10000,100000","5,20,100",50,"5,20,100,500",10,3,"1000,10000"
mmap_zstd,"mmap,zstd",matrix_04_mmap_zstd,,enumerate_all,tpg=10,500,enumerate_all/tpg=10/500,enumerate_all/tpg=10/500,Elements,5000,44044.20438450947,43731.90432719763,44453.280502304755,43466.133355227845,43450.33466221434,43488.871915393654,44186.586774693045,43810.933164958995,44678.47763463118,1871.9093009147211,"100,1000,10000,100000","5,20,100",50,"5,20,100,500",10,3,"1000,10000"
mmap_zstd,"mmap,zstd",matrix_04_mmap_zstd,,first_triple,,100,first_triple/100,first_triple/100,Elements,1,864.5300428688593,853.9696381321263,880.9318730131039,852.8074311111111,847.1735873015873,858.4982547425474,858.8332417306208,852.9102506775564,867.7308269240177,72.69241144887378,"100,1000,10000,100000","5,20,100",50,"5,20,100,500",10,3,"1000,10000"
mmap_zstd,"mmap,zstd",matrix_04_mmap_zstd,,first_triple,,1000,first_triple/1000,first_triple/1000,Elements,1,7521.039723897015,7466.802362697968,7591.941447252263,7414.808203965602,7406.690524753025,7428.323984797469,7494.485294208525,7466.754303520019,7523.520627076171,324.0001399231787,"100,1000,10000,100000","5,20,100",50,"5,20,100,500",10,3,"1000,10000"
mmap_zstd,"mmap,zstd",matrix_04_mmap_zstd,,first_triple,,10000,first_triple/10000,first_triple/10000,Elements,1,84067.55508905656,83435.67907884324,84869.27384786603,83001.26498859563,82921.82851080247,83241.20373376623,84028.13323309197,83589.03981805152,84628.40992581658,3708.8222767542043,"100,1000,10000,100000","5,20,100",50,"5,20,100,500",10,3,"1000,10000"
mmap_zstd,"mmap,zstd",matrix_04_mmap_zstd,,first_triple,,100000,first_triple/100000,first_triple/100000,Elements,1,829405.5246063358,826164.5266376676,833374.4163499444,822963.6216216215,820768.8193478261,829154.9715909091,830388.1011260529,827354.8297075393,834562.7450710846,18507.269870451666,"100,1000,10000,100000","5,20,100",50,"5,20,100,500",10,3,"1000,10000"
mmap_zstd,"mmap,zstd",matrix_04_mmap_zstd,,graph_lookup,enumerate_by_graphname/tpg=50,100,graph_lookup/enumerate_by_graphname/tpg=50/100,graph_lookup/enumerate_by_graphname_tpg=50/100,Elements,5000,55197.62745840499,54815.895835342395,55677.49612550892,54807.298623995055,54367.928961748636,55125.86665930181,55107.174195195636,54848.428282406014,55489.74874533463,2237.617163095304,"100,1000,10000,100000","5,20,100",50,"5,20,100,500",10,3,"1000,10000"
mmap_zstd,"mmap,zstd",matrix_04_mmap_zstd,,graph_lookup,enumerate_by_graphname/tpg=50,20,graph_lookup/enumerate_by_graphname/tpg=50/20,graph_lookup/enumerate_by_graphname_tpg=50/20,Elements,1000,4101.071956672963,4077.9456839092168,4132.100765421063,4071.0250061718234,4049.5090557028525,4114.615868794326,4115.357204115561,4096.400818955713,4144.816908345686,142.07376421996068,"100,1000,10000,100000","5,20,100",50,"5,20,100,500",10,3,"1000,10000"
mmap_zstd,"mmap,zstd",matrix_04_mmap_zstd,,graph_lookup,enumerate_by_graphname/tpg=50,5,graph_lookup/enumerate_by_graphname/tpg=50/5,graph_lookup/enumerate_by_graphname_tpg=50/5,Elements,250,639.0646784022066,633.520572249904,646.0179422228608,628.755525789127,627.9406632213609,630.6393913293139,638.137818278704,633.4954578014402,645.3721131025524,32.29224376498927,"100,1000,10000,100000","5,20,100",50,"5,20,100,500",10,3,"1000,10000"
mmap_zstd,"mmap,zstd",matrix_04_mmap_zstd,,graph_lookup,enumerate_by_id/tpg=50,100,graph_lookup/enumerate_by_id/tpg=50/100,graph_lookup/enumerate_by_id_tpg=50/100,Elements,5000,13320.523873300566,13260.619989017954,13402.657757371386,13218.81161904762,13206.285833333333,13235.133333333333,13382.832489749273,13291.53695969916,13531.023742240191,371.18150663431436,"100,1000,10000,100000","5,20,100",50,"5,20,100,500",10,3,"1000,10000"
mmap_zstd,"mmap,zstd",matrix_04_mmap_zstd,,graph_lookup,enumerate_by_id/tpg=50,20,graph_lookup/enumerate_by_id/tpg=50/20,graph_lookup/enumerate_by_id_tpg=50/20,Elements,1000,2519.8287673859236,2496.672556156463,2551.9169292059255,2500.7737999695505,2483.928490185287,2506.566244725738,2516.7156324830294,2498.4942600682334,2544.2660474879954,142.8713990442883,"100,1000,10000,100000","5,20,100",50,"5,20,100,500",10,3,"1000,10000"
mmap_zstd,"mmap,zstd",matrix_04_mmap_zstd,,graph_lookup,enumerate_by_id/tpg=50,5,graph_lookup/enumerate_by_id/tpg=50/5,graph_lookup/enumerate_by_id_tpg=50/5,Elements,250,576.4606896752249,572.9076226506907,580.7452400830274,573.3680735738095,569.6554225077882,575.0258149076818,575.6439147771138,572.8923404501044,579.5404545392958,20.295940143704623,"100,1000,10000,100000","5,20,100",50,"5,20,100,500",10,3,"1000,10000"
mmap_zstd,"mmap,zstd",matrix_04_mmap_zstd,,open,,100,open/100,open/100,Elements,100,98946.45304144472,98774.08782274129,99173.79668527209,98740.56263888889,98722.26891891893,98772.7131147541,99089.36623969262,98825.24800639965,99467.9365285244,1037.7234023432861,"100,1000,10000,100000","5,20,100",50,"5,20,100,500",10,3,"1000,10000"
mmap_zstd,"mmap,zstd",matrix_04_mmap_zstd,,open,,1000,open/1000,open/1000,Elements,1000,906918.4343250347,904748.542822763,909751.6764471269,903999.6382127194,903503.3197674418,904210.5536719706,907686.8380670903,905358.4415330159,910537.1560447376,12900.132430745492,"100,1000,10000,100000","5,20,100",50,"5,20,100,500",10,3,"1000,10000"
mmap_zstd,"mmap,zstd",matrix_04_mmap_zstd,,open,,10000,open/10000,open/10000,Elements,10000,9378960.918333337,9349510.653249998,9418623.76333334,9341966.333333334,9340595.166666668,9344983.0,,,,181321.87733603816,"100,1000,10000,100000","5,20,100",50,"5,20,100,500",10,3,"1000,10000"
mmap_zstd,"mmap,zstd",matrix_04_mmap_zstd,,open,,100000,open/100000,open/100000,Elements,100000,100467855.15,100226316.4945,100763851.78325,100089248.5,100029879.0,100118801.0,,,,1380659.7315888507,"100,1000,10000,100000","5,20,100",50,"5,20,100,500",10,3,"1000,10000"
mmap_zstd,"mmap,zstd",matrix_04_mmap_zstd,,open,mmap_structural,100,open/mmap_structural/100,open/mmap_structural/100,Elements,100,2674.6392711716944,2658.930672425884,2694.0167563192995,2644.029680970749,2640.05998509687,2649.449267262792,2683.093832371982,2662.311571081718,2712.979744897589,89.98340824435455,"100,1000,10000,100000","5,20,100",50,"5,20,100,500",10,3,"1000,10000"
mmap_zstd,"mmap,zstd",matrix_04_mmap_zstd,,open,mmap_structural,1000,open/mmap_structural/1000,open/mmap_structural/1000,Elements,1000,5340.641453076509,5295.211792257043,5403.527545190195,5269.670533723523,5265.323945981555,5273.854390285325,5345.8904649642445,5299.610130437175,5413.761351644283,280.50903516351644,"100,1000,10000,100000","5,20,100",50,"5,20,100,500",10,3,"1000,10000"
mmap_zstd,"mmap,zstd",matrix_04_mmap_zstd,,open,mmap_structural,10000,open/mmap_structural/10000,open/mmap_structural/10000,Elements,10000,4050.918505399818,4019.6540810180927,4091.321337301081,4000.2657505228262,3997.314672251783,4003.0065463663004,4055.351898176249,4027.091425102419,4097.010039656083,185.43448110732703,"100,1000,10000,100000","5,20,100",50,"5,20,100,500",10,3,"1000,10000"
mmap_zstd,"mmap,zstd",matrix_04_mmap_zstd,,open,mmap_structural,100000,open/mmap_structural/100000,open/mmap_structural/100000,Elements,100000,4695.425776042832,4664.111733861556,4729.945463439444,4647.3723409943805,4629.7061803444785,4692.1768900646675,4669.828041123942,4647.972417775217,4692.187742381773,168.70834843438533,"100,1000,10000,100000","5,20,100",50,"5,20,100,500",10,3,"1000,10000"
mmap_zstd,"mmap,zstd",matrix_04_mmap_zstd,,open,structural,100,open/structural/100,open/structural/100,Elements,100,1260.1679972303402,1252.6777406901017,1269.6102560212216,1246.2646101960217,1245.0803454177917,1247.2307561439598,1265.9493279038784,1256.564538736792,1279.2880316795365,43.49769913915278,"100,1000,10000,100000","5,20,100",50,"5,20,100,500",10,3,"1000,10000"
mmap_zstd,"mmap,zstd",matrix_04_mmap_zstd,,open,structural,1000,open/structural/1000,open/structural/1000,Elements,1000,2649.933601488696,2626.8924994282156,2681.491952320309,2611.5154287796995,2610.580283485204,2614.995529651426,2656.8924754833374,2630.950964861023,2693.4667388543476,142.16107462674415,"100,1000,10000,100000","5,20,100",50,"5,20,100,500",10,3,"1000,10000"
mmap_zstd,"mmap,zstd",matrix_04_mmap_zstd,,open,structural,10000,open/structural/10000,open/structural/10000,Elements,10000,13222.168246625288,13152.398689030846,13312.543365578667,13105.505327892326,13102.52688172043,13112.75924528302,13244.172311038865,13163.414180422467,13365.592193765498,416.5276379884062,"100,1000,10000,100000","5,20,100",50,"5,20,100,500",10,3,"1000,10000"
mmap_zstd,"mmap,zstd",matrix_04_mmap_zstd,,open,structural,100000,open/structural/100000,open/structural/100000,Elements,100000,334213.1377435562,332285.0056682169,336712.7209524343,331130.4359686233,330873.31333333335,331288.4482758621,334758.599288705,332410.1470364456,338353.6253987521,11558.317871643068,"100,1000,10000,100000","5,20,100",50,"5,20,100,500",10,3,"1000,10000"
mmap_zstd,"mmap,zstd",matrix_04_mmap_zstd,,open,trusted,100,open/trusted/100,open/trusted/100,Elements,100,1248.1918852558795,1239.2668172829617,1259.0764165908342,1230.4278361021381,1229.75208484409,1231.0765826367951,1249.9051816856813,1240.6205497092083,1263.221024916541,50.96347453392934,"100,1000,10000,100000","5,20,100",50,"5,20,100,500",10,3,"1000,10000"
mmap_zstd,"mmap,zstd",matrix_04_mmap_zstd,,open,trusted,1000,open/trusted/1000,open/trusted/1000,Elements,1000,2570.688852987272,2552.5447921728723,2592.407036710669,2537.262647700225,2536.39472003444,2540.1062254127883,2573.7519803596497,2551.389725506011,2607.3019609656794,102.5805702962787,"100,1000,10000,100000","5,20,100",50,"5,20,100,500",10,3,"1000,10000"
mmap_zstd,"mmap,zstd",matrix_04_mmap_zstd,,open,trusted,10000,open/trusted/10000,open/trusted/10000,Elements,10000,12735.154807038054,12611.725220655779,12893.665647874159,12540.272559115841,12536.314503205129,12546.147812971343,12737.092917931288,12614.290151686935,12911.591081615774,728.7782203574843,"100,1000,10000,100000","5,20,100",50,"5,20,100,500",10,3,"1000,10000"
mmap_zstd,"mmap,zstd",matrix_04_mmap_zstd,,open,trusted,100000,open/trusted/100000,open/trusted/100000,Elements,100000,334722.2834178982,333311.96124343784,336353.39962299675,331845.76461988303,331569.5272108844,332117.6423611111,335561.1242894439,334063.19800198654,337199.3623898661,7832.279248867784,"100,1000,10000,100000","5,20,100",50,"5,20,100,500",10,3,"1000,10000"
mmap_zstd,"mmap,zstd",matrix_04_mmap_zstd,,read_triples,,100,read_triples/100,read_triples/100,Elements,100,1315.29829178432,1307.662477952386,1325.435784059981,1302.4985821734927,1300.5625095682792,1303.969735054348,1317.9039613156237,1310.635045643101,1328.5741816185398,46.186547576238496,"100,1000,10000,100000","5,20,100",50,"5,20,100,500",10,3,"1000,10000"
mmap_zstd,"mmap,zstd",matrix_04_mmap_zstd,,read_triples,,1000,read_triples/1000,read_triples/1000,Elements,1000,12292.14505194803,12170.347778099755,12474.771121249787,12117.768015218908,12083.587250712251,12188.746431169304,12255.15737773433,12158.558776473985,12398.464502017045,801.5583615835384,"100,1000,10000,100000","5,20,100",50,"5,20,100,500",10,3,"1000,10000"
mmap_zstd,"mmap,zstd",matrix_04_mmap_zstd,,read_triples,,10000,read_triples/10000,read_triples/10000,Elements,10000,136816.67188883942,135977.86321877968,137820.2782083196,136082.58887509798,135030.02450980392,136434.45833333334,136807.32901802866,135967.54825502276,138054.02998210007,4760.163709516066,"100,1000,10000,100000","5,20,100",50,"5,20,100,500",10,3,"1000,10000"
mmap_zstd,"mmap,zstd",matrix_04_mmap_zstd,,read_triples,,100000,read_triples/100000,read_triples/100000,Elements,100000,1331719.6839462935,1319496.4790529718,1351029.3041399156,1312465.481707317,1310260.223611111,1315488.566207627,1328991.0318398108,1322171.2934186775,1338591.2217527113,84104.20912932046,"100,1000,10000,100000","5,20,100",50,"5,20,100,500",10,3,"1000,10000"
mmap_zstd,"mmap,zstd",matrix_04_mmap_zstd,,resolve_gid,tpg=50,100,resolve_gid/tpg=50/100,resolve_gid/tpg=50/100,Elements,5000,61984.62488186991,61388.37012552625,62700.70578175466,61458.36770833333,60833.15178571428,61617.8328125,61595.00599453229,61300.22464175887,62041.92969741204,3414.9474965867885,"100,1000,10000,100000","5,20,100",50,"5,20,100,500",10,3,"1000,10000"
mmap_zstd,"mmap,zstd",matrix_04_mmap_zstd,,resolve_gid,tpg=50,20,resolve_gid/tpg=50/20,resolve_gid/tpg=50/20,Elements,1000,4448.0280807685995,4414.736337080216,4496.555987705785,4399.849232585597,4396.889393939394,4403.744762816932,4458.0479425554495,4434.400822513974,4488.091829457494,214.04071608407418,"100,1000,10000,100000","5,20,100",50,"5,20,100,500",10,3,"1000,10000"
mmap_zstd,"mmap,zstd",matrix_04_mmap_zstd,,resolve_gid,tpg=50,5,resolve_gid/tpg=50/5,resolve_gid/tpg=50/5,Elements,250,765.240223553781,754.2544248244005,781.0945888080482,749.3616154158656,747.6912821131571,751.2747055681018,760.1288598735745,754.4890282670102,768.842101646448,70.40842822429309,"100,1000,10000,100000","5,20,100",50,"5,20,100,500",10,3,"1000,10000"
mmap_zstd,"mmap,zstd",matrix_04_mmap_zstd,,roundtrip,graphs=3,1000,roundtrip/graphs=3/1000,roundtrip/graphs=3/1000,Elements,3000,4701310.382727273,4689496.073045454,4715995.541045454,4693915.727272727,4680562.909090909,4701689.454545454,,,,68272.30431958588,"100,1000,10000,100000","5,20,100",50,"5,20,100,500",10,3,"1000,10000"
mmap_zstd,"mmap,zstd",matrix_04_mmap_zstd,,roundtrip,graphs=3,10000,roundtrip/graphs=3/10000,roundtrip/graphs=3/10000,Elements,30000,50435579.59,50296535.35425,50617413.02125,50309741.5,50218645.0,50475708.0,,,,830644.5877282318,"100,1000,10000,100000","5,20,100",50,"5,20,100,500",10,3,"1000,10000"
mmap_zstd,"mmap,zstd",matrix_04_mmap_zstd,,write,,100,write/100,write/100,Elements,100,213653.55887562764,211995.152899693,215470.975660899,212048.95297297297,209723.1296875,215193.13443683408,217151.43444244127,214598.69012652515,219943.18269312815,8829.675224753524,"100,1000,10000,100000","5,20,100",50,"5,20,100,500",10,3,"1000,10000"
mmap_zstd,"mmap,zstd",matrix_04_mmap_zstd,,write,,1000,write/1000,write/1000,Elements,1000,1518707.976760762,1466727.4987171723,1603885.076871813,1464491.28125,1455309.5833333333,1471282.2222222222,1499372.662423526,1446704.7769942693,1575118.6464351062,376246.80235669255,"100,1000,10000,100000","5,20,100",50,"5,20,100,500",10,3,"1000,10000"
mmap_zstd,"mmap,zstd",matrix_04_mmap_zstd,,write,,10000,write/10000,write/10000,Elements,10000,13737401.82,13650461.866937501,13853385.13575,13635733.75,13618276.0,13651393.125,,,,529498.3747494766,"100,1000,10000,100000","5,20,100",50,"5,20,100,500",10,3,"1000,10000"
mmap_zstd,"mmap,zstd",matrix_04_mmap_zstd,,write,,100000,write/100000,write/100000,Elements,100000,167396808.23,167260676.27174997,167555198.054,167326881.0,167181971.0,167397228.5,,,,752242.1810027104,"100,1000,10000,100000","5,20,100",50,"5,20,100,500",10,3,"1000,10000"
mmap_zstd,"mmap,zstd",matrix_04_mmap_zstd,,write_streaming,,100,write_streaming/100,write_streaming/100,Elements,100,231663.41144745838,230490.5934667152,232927.9312355251,231961.15833333333,230414.56954545455,232997.08421052631,231941.93890113788,230407.3650071006,233538.21850912465,6252.240894927887,"100,1000,10000,100000","5,20,100",50,"5,20,100,500",10,3,"1000,10000"
mmap_zstd,"mmap,zstd",matrix_04_mmap_zstd,,write_streaming,,1000,write_streaming/1000,write_streaming/1000,Elements,1000,1623880.050264767,1601200.5147434701,1647289.4232692681,1640020.7267857143,1527419.2790697673,1663197.875,1594474.444790897,1565536.1158939654,1625836.6887751508,118652.28304730837,"100,1000,10000,100000","5,20,100",50,"5,20,100,500",10,3,"1000,10000"
mmap_zstd,"mmap,zstd",matrix_04_mmap_zstd,,write_streaming,,10000,write_streaming/10000,write_streaming/10000,Elements,10000,15032567.5275,14994549.0524375,15079442.553812498,14993109.375,14963253.625,15026620.875,,,,219198.00668940222,"100,1000,10000,100000","5,20,100",50,"5,20,100,500",10,3,"1000,10000"
mmap_zstd,"mmap,zstd",matrix_04_mmap_zstd,,write_streaming,,100000,write_streaming/100000,write_streaming/100000,Elements,100000,195656592.55,195078366.2385,196147857.72,195488996.0,195126620.0,195947288.0,,,,2746863.5095612817,"100,1000,10000,100000","5,20,100",50,"5,20,100,500",10,3,"1000,10000"
mmap_zstd,"mmap,zstd",matrix_04_mmap_zstd,,write_zstd,,100,write_zstd/100,write_zstd/100,Elements,100,234799.90378847482,232007.7821375009,237904.8928652517,231229.48115079367,228785.3380198915,232005.34583333333,233062.35245899216,229551.7476312941,236718.29698322748,15228.332719739961,"100,1000,10000,100000","5,20,100",50,"5,20,100,500",10,3,"1000,10000"
mmap_zstd,"mmap,zstd",matrix_04_mmap_zstd,,write_zstd,,1000,write_zstd/1000,write_zstd/1000,Elements,1000,1350536.3627562523,1332806.4723418853,1370217.8646499503,1307803.7850241545,1299653.1538461538,1318346.8217255718,1315466.556716418,1306488.3579504273,1327865.3017379104,95941.48555642275,"100,1000,10000,100000","5,20,100",50,"5,20,100,500",10,3,"1000,10000"
mmap_zstd,"mmap,zstd",matrix_04_mmap_zstd,,write_zstd,,10000,write_zstd/10000,write_zstd/10000,Elements,10000,13061623.6375,13028856.7319375,13101236.298249999,13019051.375,12988264.25,13065846.25,,,,185337.92472779498,"100,1000,10000,100000","5,20,100",50,"5,20,100,500",10,3,"1000,10000"
mmap_zstd,"mmap,zstd",matrix_04_mmap_zstd,,write_zstd,,100000,write_zstd/100000,write_zstd/100000,Elements,100000,160308641.04,160097962.86575,160541363.22,160155905.0,160014266.0,160303697.5,,,,1136436.9369311936,"100,1000,10000,100000","5,20,100",50,"5,20,100,500",10,3,"1000,10000"
